time,latitude,longitude,depth,mag,magType,nst,gap,dmin,rms,net,id,updated,place,type,horizontalError,depthError,magError,magNst,status,locationSource,magSource
2025-12-11T00:50:45.220Z,38.821334838867,-122.84149932861,2.5899999141693,1.64,md,31,77,0.005357,0.03,nc,nc75278081,2025-12-11T00:54:03.280Z,"9 km WNW of The Geysers, CA",earthquake,0.21,0.330000013,0.12,32,automatic,nc,nc
2025-12-11T00:35:31.310Z,40.349498748779,-124.98933410644,3.420000076294,3.56,mw,63,246,0.4982,0.26,nc,nc75278076,2025-12-11T00:46:55.090Z,"60 km W of Petrolia, CA",earthquake,1.91,2.75999999,,4,reviewed,nc,nc
2025-12-11T00:18:39.505Z,60.598,-152.484,10.2,0.7,ml,9,117,0,0.7,ak,ak2025yhmkvt,2025-12-11T00:20:29.005Z,"63 km W of Salamatof, Alaska",earthquake,0,10.9063,0.1,4,automatic,ak,ak
2025-12-11T00:16:30.530Z,38.823833465576,-122.80666351318,2.4700000286102,1.44,md,26,35,0.0027,0.02,nc,nc75278066,2025-12-11T00:18:04.833Z,"7 km NW of The Geysers, CA",earthquake,0.22,0.430000007,0.32,25,automatic,nc,nc
2025-12-11T00:09:24.910Z,37.750331878662,-121.93416595459,7.0599999427795,1.93,md,8,112,0.1044,0.06,nc,nc75278061,2025-12-11T00:49:30.578Z,"5 km SE of San Ramon, CA",earthquake,0.35,1.19000006,0.08,9,automatic,nc,nc
2025-12-11T00:08:33.390Z,36.012666666667,-118.97383333333,3.82,0.98,ml,14,138,0.09394,0.21,ci,ci41137055,2025-12-11T00:12:17.767Z,"7 km SSE of Porterville, CA",earthquake,0.43,1.49,0.16581527258472,5,automatic,ci,ci
2025-12-10T23:59:30.941Z,59.917,-153.397,152.7,2.4,ml,52,153,0.1,0.6,ak,ak2025yhlupr,2025-12-11T00:02:50.801Z,"42 km ENE of Pedro Bay, Alaska",earthquake,0,2.9192,0.5,8,automatic,ak,ak
2025-12-10T23:59:14.157Z,31.533,-104.154,4.5774,1.6,ml,25,73,0.1,0.2,tx,tx2025yhlryg,2025-12-11T00:03:02.416Z,"41 km NW of Toyah, Texas",earthquake,0,1.2193083763123,0.2,19,automatic,tx,tx
2025-12-10T23:58:56.980Z,37.750667572021,-121.9323348999,1.1699999570847,1.82,md,6,112,0.1058,0.03,nc,nc75278051,2025-12-11T00:21:46.137Z,"5 km SE of San Ramon, CA",earthquake,0.29,7.19000006,0.06,6,automatic,nc,nc
